2793	The Claidi Journals
1462	Rising Sun (novel)
2792	Full Tilt (novel)
1461	Shadow Puppets
2791	Beauty Pop
1460	Mr. Fish
2790	Enchantment (novel)
1459	The Talisman (Scott novel)
2306	Child 44
2789	Envy (novel)
1458	John Dies at the End
2305	Bored of the Rings
2304	The Rime of the Ancient Mariner
1457	Einstein's Dreams
2788	Fantastic Mr Fox
2303	Down and Out in Paris and London
2787	The Stars My Destination
1456	Torment (novel)
2302	Artemis Fowl: The Eternity Code
2786	Soon I Will Be Invincible
1455	Angelology (novel)
1454	Evernight (novel)
2301	Fooled by Randomness
2785	The Undercover Economist
2784	Disclosure (novel)
2300	The Chicago Manual of Style
1453	Man's Search for Meaning
1452	The Beauty Myth
2783	The Book of Dead Days
2309	The Chamber (novel)
2308	Gnostic Gospels
2307	The Enchantress of Florence
2320	Uzumaki
1473	The Immortals (books)
1472	Cryptonomicon
1471	Jonathan Strange & Mr Norrell
1470	Snow Crash
2317	Sputnik Sweetheart
1	The Unbearable Lightness of Being
1469	Sweetblood
2316	The Hitchhiker's Guide to the Galaxy (fictional)
2	Dracula
2799	Desert Solitaire
1468	Vagabond (novel)
2315	Giovanni's Room
2314	Forever... (Blume novel)
1467	Pay It Forward (novel)
2798	Scientific literature
3	The Catcher in the Rye
2313	Running Out of Time (novel)
2797	Practical Magic (novel)
4	Musashi (novel)
1466	Chobits
5	The Picture of Dorian Gray
1465	The Girl Who Loved Tom Gordon
2796	Fathers and Sons (novel)
2312	The Portrait of a Lady
6	The Great Gatsby
1464	Nightmares & Dreamscapes
2795	Justine (novel)
2311	VALIS
2794	Downsiders
7	Brave New World
2310	The Cosmic Serpent
1463	The Andromeda Strain
8	Harry Potter
9	Uglies
2319	Columbine (book)
2318	Jeremy Thatcher, Dragon Hatcher
2331	Youth in Revolt
1484	Green Lantern (comic book)
1000	The World According to Garp
1483	Star Wars
2330	No One Writes to the Colonel
1482	Slash (autobiography)
1481	Green Rider
1480	The Black Swan (2007 book)
2328	The Chronicles of Prydain
2327	Magician (novel)
1479	The Amulet of Samarkand
2326	Hope for the Flowers
1478	Kane and Abel (novel)
2325	A Wizard of Earthsea
1477	Be More Chill
2324	Nine Stories (Salinger)
2323	Haroun and the Sea of Stories
1476	The A-List (novel)
2322	Wings of Fire
1475	If I Stay
2321	Fantastic Beasts and Where to Find Them
1474	The Death and Life of Charlie St. Cloud
2329	Fatherland (novel)
1495	A New Earth
1011	Wolf Hall
2342	Red Rabbit
1494	Flowers in the Attic
1010	The Collector
2341	The Crying of Lot 49
2340	Lioness Rampant
1493	L8r, g8r
1492	Have a Little Faith (Mitch Albom book)
1491	Ttyl (novel)
1490	The Social Contract
1008	The Age of Spiritual Machines
2339	Even Cowgirls Get the Blues (novel)
1007	The Westing Game
2338	Tortilla Flat
1006	Shaman King
2337	The Ballad of the Sad Caf�
2336	When the Wind Blows (James Patterson novel)
1005	Hana-Kimi
1489	Breakfast at Tiffany's (novella)
1004	Angel Sanctuary
1488	Star Wars: Shadows of the Empire
2335	The Red Pyramid (novel)
1487	Sahara (novel)
1003	Yes (novel)
2334	Notes on a Scandal
2333	Pale Blue Dot (book)
1486	Wyvernhail
1002	Matilda (novel)
2332	Dead Famous (novel)
1485	Fade (novel)
1001	A Spell for Chameleon
1009	Sundays at Tiffany's
1022	Tears of a Tiger
2353	Philosophi� Naturalis Principia Mathematica
1021	Story of a Girl (novel)
2352	The Mysterious Island
2351	The Blade Itself
1020	Junk (novel)
2350	Alive: The Story of the Andes Survivors
1019	Smoke and Mirrors (story collection)
1018	Warbreaker
2349	Notes from a Small Island
2348	Little Children (novel)
1017	Elantris
2347	First They Killed My Father
1016	We Need to Talk About Kevin
1015	Moomin
2346	Stonehenge (novel)
1499	Ranger's Apprentice
1014	The French Lieutenant's Woman
1498	The Bridge of San Luis Rey
2345	The Club Dumas
1497	Mass Effect
2344	Rainbow Six (novel)
1013	Atonement (novel)
1496	I Ching
2343	Jesus Freaks (book)
1012	An Apology for the Life of Mrs. Shamela Andrews
2364	The Child Thief
1033	Swan Song (novel)
1032	The Belgariad
2363	The Necromancer: The Secrets of the Immortal Nicholas Flamel
2362	Ang mga Kaibigan ni Mama Susan
1031	Her Fearful Symmetry
2361	Macarthur (novel)
1030	Queers in History
2360	Evil Under the Sun
1029	Dragon Ball
1028	Anime
2359	The Skin I'm In
2358	Chronicle of a Death Foretold
1027	Bad Girls (Wilson novel)
1026	Naruto
2357	The Great Santini (novel)
1025	Gravitation (book)
2356	Black Hawk Down (book)
600	Their Eyes Were Watching God
1024	Tsubasa: Reservoir Chronicle
2355	Teen Idol (novel)
601	The Vampire Chronicles
2354	Divergent (novel)
1023	Hyperion (comics)
602	The Clan of the Cave Bear
603	Ecstasy: Three Tales of Chemical Romance
604	The Subtle Knife
605	Filth (novel)
606	Vurt
607	The Bridges of Madison County
608	The Sands of Time (Hoeye novel)
609	Deception Point
2375	The Prince of Tides (novel)
1044	Mountains Beyond Mountains
2374	Rhett Butler's People
1043	Daughter of the Lioness
1042	Memoirs: 1939�1993
2373	Affinity (novel)
1041	The Coral Island
2372	At Swim, Two Boys
1040	The Winter's Tale
2371	Forever Odd
2370	Hulk (comics)
1039	The BFG
2369	Dead in the Family
1038	Oedipus the King
2368	Master of the Game (novel)
1037	Ready or Not (novel)
1036	When You Are Engulfed in Flames
610	The Famous Five (series)
2367	Freedom at Midnight
1035	Dragon Rider (novel)
611	The Solitaire Mystery
2366	White Teeth
1034	The Wish List
612	Le Morte d'Arthur
2365	The Black Dahlia (novel)
613	Put on By Cunning
614	Red Inferno: 1945
615	The Murder of Roger Ackroyd
616	House of Many Ways
617	The Loch
618	Fullmetal Alchemist
619	Rosemary's Baby
1055	Egyptology: Search for the Tomb of Osiris
2386	The Five Love Languages
2385	Underworld (DeLillo novel)
1054	Awakened (novel)
2384	Through the Eye of the Needle
1053	The Glass Palace
2383	Cloud Atlas (novel)
1052	The Guardian (novel)
2382	A People's History of the United States
1051	Rebecca (novel)
1050	Betrayed (novel)
2381	Crooked Little Vein
2380	Halo: Contact Harvest
1049	Dead and Gone (novel)
1048	2 States: The Story of My Marriage
620	Fast Food Nation
2379	Empire (Card novel)
1047	In the Line of Fire: A Memoir
621	Prometheus Rising
2378	Shadow of the Giant
1046	Godaan
622	Reservation Blues
2377	The Dark Tower II: The Drawing of the Three
623	Think and Grow Rich
1045	The Winner Stands Alone
2376	The Reluctant Fundamentalist
624	The Tao of Pooh
625	One Night @ the Call Center
626	Congo (novel)
627	The Lathe of Heaven
628	Gal�pagos (novel)
629	I Am the Cheese
1066	The Beekeeper's Apprentice
2397	Tangerine (comics)
2396	The Female Brain (book)
1065	The Four Loves
1064	Space (novel)
2395	How to Stop Worrying and Start Living
2394	Extras (novel)
1063	The Brain That Changes Itself
2393	Sweet Valley High
1062	Team of Rivals
1061	On Food and Cooking
2392	Human, All Too Human
2391	Journey to the End of the Night
1060	The World Without Us
2390	Lucky Jim
630	Breakfast of Champions
1059	Tomorrow, When the War Began
631	Still Life with Woodpecker
632	God Bless You, Mr. Rosewater
2389	Deenie
1058	Evil Genius (novel)
1057	Pigs in Heaven
633	To the Lighthouse
2388	The Areas of My Expertise
1056	Untamed (novel)
634	Storm Front (novel)
2387	Surviving the Applewhites
635	Lisey's Story
636	Goosebumps
637	Percy Jackson & the Olympians
638	You Suck: A Love Story
639	The Left Hand of Darkness
1077	The City of Falling Angels
1076	The Celestine Prophecy
1075	Junkie (novel)
1074	Lasher
1073	Unwind (novel)
1072	Oxford English Dictionary
1071	Gone (novel series)
1070	In the Forests of the Night
640	The Last Battle
641	The Voyage of the Dawn Treader
642	Oliver Twist
643	Sun Bin's Art of War
1069	Ghostgirl
644	Dry (memoir)
2399	The Golden Bough
1068	The Passage (novel)
645	Magical Thinking (book)
1067	Fear Street
2398	The King in Yellow
646	Nicholas Nickleby
647	The Melancholy Death of Oyster Boy & Other Stories
648	Night Shift (book)
649	The Velveteen Rabbit
1080	Studies of the Book of Mormon
1088	Howl
1087	Ecclesiastes
1086	Under the Banner of Heaven
1085	The Dharma Bums
1084	She's Come Undone
1083	Dark-Hunter (series)
1082	Seeing Redd
1081	The Black Jewels
650	Don Quixote
651	Iliad
652	Rhinoceros (play)
653	The Faerie Wars Chronicles
654	The Truth About Forever
1079	The Diary of Ellen Rimbauer: My Life at Rose Red
655	Nineteen Minutes
656	Perfect Match (novel)
1078	The Memory Keeper's Daughter
657	Cecilia (McClure novel)
658	Hogfather
659	Interesting Times
1091	Born to Rock (novel)
1090	Shade's Children
1099	Memories of My Melancholy Whores
1098	Fire Bringer
1097	Chinese Cinderella
1096	Requiem for a Dream (novel)
1095	The Great Train Robbery (novel)
1094	The Game: Penetrating the Secret Society of Pickup Artists
1093	Left Behind (novel)
1092	Narcissus and Goldmund
660	Witches Abroad
661	Carpe Jugulum
662	The Last Hero
663	Mort
664	The Argumentative Indian
665	The Wind-Up Bird Chronicle
666	The Namesake
1089	Soul of the Fire
667	Papillon (book)
668	The Girl with the Dragon Tattoo
669	Blue Bloods (novel series)
670	All Together Dead
671	A Storm of Swords
672	Wide Sargasso Sea
673	The Time Machine
674	Scorpia (novel)
675	The Tipping Point
676	Perfect: A Novel
677	Wings (Pike novel)
678	Plain Truth
679	The Appeal
680	The Last Juror
681	A Time to Kill (Grisham novel)
682	The Broker
683	The Summons
684	A Demon in My View
200	Sabriel
685	Beast (Benchley novel)
201	Norwegian Wood (novel)
686	Marked (novel)
202	A Thousand Splendid Suns
203	The Fountainhead
687	The Revolution: A Manifesto
688	Blood Canticle
204	Gates of Fire
205	Duma Key
689	Taltos (Brust novel)
206	Atlas Shrugged
207	The Silence of the Lambs (novel)
208	Twenties Girl
209	Walk Two Moons
690	Servant of the Bones
691	Thus Spoke Zarathustra
692	Genome (book)
693	The Tibetan Book of Living and Dying
210	Hoot (novel)
694	Fear and Trembling
211	Catching Fire
695	Escape from Freedom
212	Shopaholic (novels)
696	A Separate Peace
213	Xenocide
697	Antigone (Sophocles)
214	Paradise Lost
698	Tuesdays with Morrie
215	Speaker for the Dead
699	Tales of the City (novel)
216	His Dark Materials
217	Killing Mr. Griffin
218	On the Road
219	Heart of Darkness
220	The Lords of the North
221	The Three Musketeers
222	The A.B.C. Murders
223	The Republic (Plato)
224	Change of Heart (novel)
225	If You Could See Me Now (Cecelia Ahern novel)
226	Marley & Me
227	The Time Traveler's Wife
228	The Last Lecture
229	Chronicles of Ancient Darkness
230	Anansi Boys
231	Anne of Green Gables
232	Gossip Girl (novel series)
233	Prey (novel)
234	Timeline (novel)
235	Franny and Zooey
236	All Quiet on the Western Front
237	The Godfather (novel)
238	Jurassic Park (novel)
239	You Don't Know Me (novel)
1909	Pyramids (novel)
1908	Highschool of the Dead
240	The Psychedelic Experience
241	Candy: A Novel of Love and Addiction
242	Fear and Loathing in Las Vegas
243	Necronomicon: The Best Weird Tales of H. P. Lovecraft: Commemorative Edition
244	Running with Scissors (memoir)
245	Choke (novel)
246	The Rum Diary (novel)
247	Great Expectations
248	Wuthering Heights
249	Adventures of Huckleberry Finn
1907	King Solomon's Mines
1906	The Ear, the Eye and the Arm
1905	Among the Impostors
1904	Titus Groan
1903	Ordinary People (novel)
1902	What My Girlfriend Doesn't Know
1901	Cross My Heart and Hope to Spy
1900	Freakshow (comics)
1919	Blind Faith (book)
250	The Count of Monte Cristo
251	The Diary of a Young Girl
252	White Fang
253	The Red Badge of Courage
1910	Ferdydurke
254	The Chronicles of Narnia
255	Homecoming (novel)
256	Burned (Hopkins novel)
257	The Wanderers (Price novel)
258	Magic Study
259	Gossamer (novel)
1918	A Canticle for Leibowitz
1917	The Motorcycle Diaries (book)
1916	Resurrection (novel)
1915	A Spot of Bother
1914	Capitalism: The Unknown Ideal
1913	Eating the Dinosaur
1912	The Sevenwaters Trilogy
1911	From the Corner of His Eye
260	A Northern Light
261	Peeps (novel)
262	The Rules of Survival
263	My Sister's Keeper (novel)
1921	Abraham Lincoln, Vampire Hunter (novel)
264	Half Broke Horses
265	Mansfield Park
1920	Another Roadside Attraction
266	The Book Thief
267	Les Mis�rables
268	Fried Green Tomatoes at the Whistle Stop Cafe
269	The Help
1929	The Elegant Universe
1928	The Fall of Hyperion
1927	The Yearling
1926	This Present Darkness
1925	The Christy Miller series
1924	Ring (Suzuki novel)
1923	Look Me in the Eye
1922	No Exit (novel)
270	Snow Flower and the Secret Fan
271	War Is a Racket
272	Halo: First Strike
273	Prozac Nation
274	The Selfish Gene
275	The Zombie Survival Guide
1932	Madhushala
1931	An Inconvenient Book
276	Journey to the West
277	Island of the Blue Dolphins
1930	Sybil (book)
278	The Da Vinci Code
279	The Book of Five Rings
1939	Azumanga Daioh
1938	The Asylum for Wayward Victorian Girls
1937	The Key (Curley novel)
1936	My Best Friend Bob
1935	My Life (Bill Clinton autobiography)
1934	Warcraft
1933	The Five Greatest Warriors
280	The White Tiger
281	The Shadow of the Wind
282	The Colour of Magic
283	Moab Is My Washpot
284	Making Money
285	Batman: The Killing Joke
286	V (comics)
1943	The Ruins (novel)
1942	Peter and the Shadow Thieves
287	Graphic novel
288	Nineteen Eighty-Four
1941	Night World
289	Island (book)
1940	Master and Commander
1949	Fearless (Angel novel)
1948	Fluke, or, I Know Why the Winged Whale Sings
1947	My Ishmael
1946	First Blood (novel)
1945	The Hunt for Red October
1944	All the King's Men
290	To a God Unknown
291	A Great and Terrible Beauty
292	Rebel Angels
293	Sarah's Key (novel)
294	The Secret Garden
295	Girl with a Pearl Earring (novel)
296	The Horse and His Boy
2801	Firesong
1954	The Partner
297	Sense and Sensibility and Sea Monsters
1953	The Associate (novel)
2800	Hellsing
298	Seabiscuit: An American Legend
1952	The Firm (novel)
299	The Girl Who Kicked the Hornets' Nest
1951	Tell Me Your Dreams
1950	Morning, Noon and Night (novel)
2809	Lies That Chelsea Handler Told Me
2808	Impulse (Hopkins novel)
2807	The Long Walk
2806	Vampire: The Requiem
1959	Higurashi When They Cry
1958	Ripley's Believe It or Not!
2805	The Sea (novel)
2804	The Sheltering Sky
1957	The Silver Kiss
2803	Hey Nostradamus!
1956	Full Moon o Sagashite
1955	The Naked Face
2802	The Year of Magical Thinking
1965	Dinner at the Homesick Restaurant
2812	Orlando: A Biography
1964	The Woman Warrior
2811	Keeping Faith
2810	A Sand County Almanac
1963	The Boy in the Striped Pyjamas
1962	Prose Edda
1961	Mabinogion
1960	Guns, Germs, and Steel
2819	A Civil Action
2818	The Atheist's Guide to Christmas
2817	The 5th Horseman
1969	Icefire (2003 novel)
2816	Mirror, Mirror (novel)
2815	Things Not Seen
1968	Travels with Charley
1967	Otomen
2814	Brief Interviews with Hideous Men
2813	The Story of B
1966	The Bluest Eye
2823	Good in Bed
1976	The Tao of Physics
2822	Losing My Virginity
1975	Prodigal Summer
1974	A Prayer for Owen Meany
2821	Les Liaisons dangereuses
1973	A Fine Balance
2820	The Innocent Man: Murder and Injustice in a Small Town
1972	The Story of Edgar Sawtelle
1971	The Hitchhiker's Guide to Lean
1970	The Tenth Circle
2829	The Gulag Archipelago
2828	The Pianist (memoir)
2827	The Virgin Suicides
2826	High Society (novel)
1979	Ballet Shoes (novel)
1978	Ptolemy's Gate
2825	Never Cry Wolf
2824	Eugene Onegin
1977	Quo Vadis (novel)
1990	A Summer to Die
1987	Noli Me T�ngere (novel)
1503	Rumble Fish (novel)
2834	The Black Prism
2833	Mister Monday
1986	El filibusterismo
1502	Ham on Rye
1985	On Beauty
1501	The Constant Gardener
2832	Lucy (novel)
2831	Searching for David's Heart
1500	The Shadow Lines
1984	DMZ (comics)
2830	The Faerie Path
1983	The Killing Dance
1982	The Mercy Thompson Series
1981	Silent to the Bone
1980	The Demon in the Freezer
1509	Walden
2839	Peony in Love
1508	My Utmost for His Highest
2838	The Fifth Mountain
1507	Epistle to the Ephesians
1506	Silas Marner
2837	Eggs (novel)
2836	Pippi Longstocking (novel)
1505	Hot Gimmick
1989	Undead and Unwed
1988	The Secret History
1504	Lullabies for Little Criminals
2835	Playing for Pizza
1514	Reading Lolita in Tehran
1998	The Last Days (Masterson novel)
2845	Summer Sisters
1997	The Shadow Club
1513	Sold (McCormick novel)
2844	2010: Odyssey Two
1996	The Dead-Tossed Waves
2843	The Wave (novel)
1512	Villette (novel)
2842	Paradise Kiss
1511	Never Let Me Go (novel)
1995	The Art of Happiness
1994	Sahih Al-Bukhari: The Early Years of Islam
2841	Nana (novel)
1510	Confessions of an Ugly Stepsister
2840	Story of O
1993	Brideshead Revisited
1992	The Rule of Four
1991	Confessions of an Economic Hit Man
1519	Pagan Theology
1518	A Short History of Nearly Everything
2849	The Girl Who Owned a City
2848	Heaven Is for Real
1517	Black (novel)
1516	Tartuffe
2847	The Gospel According to Larry
1999	Native Son
2846	The Basketball Diaries
1515	Crown Duel
1525	Halo: The Flood
2856	The Far Side
2855	Jacob Have I Loved
1524	Halo: Ghosts of Onyx
1523	Children of the Mind
2854	The Killing Joke (novel)
2853	Pictures of Hollis Woods
1522	Maximum Ride: School's Out Forever
1521	The Lorax
2852	The Beach (novel)
2851	The Wall (novel)
1520	Gospel of John
2850	Under the Jolly Roger
1529	Perfume (novel)
1528	Invisible Cities
2859	A Handful of Dust
2858	The Indian in the Cupboard
1527	The Dirt
1526	Halo: The Fall of Reach
2857	Zeitoun (book)
2870	Guess How Much I Love You
1536	My Side of the Mountain
2867	The Doomsday Conspiracy
1535	Beastly
2866	The Last Don
1534	The Demon-Haunted World
2865	The Garin Death Ray
1533	Book of Shadows
2864	Kiss of the Spider Woman (novel)
1532	Y: The Last Man
2863	The Painted Bird
1531	The True Game
2862	Light in August
1530	The Coldest Winter Ever
2861	Tropic of Capricorn (novel)
2860	Honour Among Thieves
1539	Mrs Dalloway
2869	Shadows (novel)
1538	Squirrel Seeks Chipmunk
2868	Nightmare Academy
1537	Mills & Boon
2881	Clear and Present Danger
1550	Stranger in a Strange Land
2880	Terrier (novel)
1547	I, Robot
2878	Blaze (novel)
2877	Martin Eden
1546	The Devil Wears Prada (novel)
1545	Into Thin Air
2876	The Goblin Wood
1544	The Stainless Steel Rat
2875	A Mercy
2874	Confessions of a Teenage Drama Queen (novel)
1543	Raven's Gate
1542	God Bless You, Dr. Kevorkian
2873	Book of a Thousand Days
2872	Hell House (novel)
1541	Lucas (novel)
2871	Surrender (novel)
1540	Summer of My German Soldier
1549	The Tommyknockers
1548	The Absolutely True Diary of a Part-Time Indian
2879	At Swim-Two-Birds
2892	Contagious (novel)
1561	The Raging Quiet
2891	The Ancestor's Tale
1560	This Side of Paradise
2890	The Rebel (book)
2889	The Spirit Catches You and You Fall Down
1558	The Girls' Guide to Hunting and Fishing
2405	Man and His Symbols
2404	Hyperion Cantos
1557	The Hours (novel)
2888	Billions and Billions: Thoughts on Life and Death at the Brink of the Millennium
2403	Flush (novel)
1556	Bright Lights, Big City (novel)
2887	Memories of Midnight
2886	� Prince
1555	Resident Evil
2402	King Rat (1962 novel)
2401	Shonen Jump (magazine)
1554	The Gargoyle (novel)
2885	Love & Respect
2884	Empire Falls
1553	The Queen's Fool
2400	The Shadow Out of Time
1552	Romance of the Three Kingdoms
2883	Women of the Otherworld
1551	The Descent (novel)
2882	The Eight (novel)
2409	Absolutely Normal Chaos
2408	Bloomability
2407	Moll Flanders
1559	The Grotesque (novel)
2406	And Then There Were None
1572	How to Read Literature Like a Professor
1571	Son of a Witch
1570	Inherit the Wind (play)
1569	Titus Andronicus
2416	Swallows and Amazons
2415	My Friend Flicka
2899	The Cay
1568	The Black Stallion
2414	The Little Friend
1567	Scarlett (Ripley novel)
2898	The City of Dreaming Books
2413	The Bourne Supremacy
1566	Girl, Missing
2897	Shake Hands with the Devil (book)
2412	The Lucifer Principle
2896	Don't Judge a Girl by Her Cover
1565	The Great Shark Hunt
1564	Fallen Angels (Myers novel)
2895	One for the Money (novel)
2411	I Have No Mouth, and I Must Scream
2894	The Autobiography of Benjamin Franklin
2410	Johannes Cabal the Necromancer
1563	Aliens vs. Predator (novel series)
1562	Wild at Heart (book)
2893	Hocus Pocus (novel)
2419	The Lion in Winter
2418	Warriors (novel series)
2417	Mister God, This Is Anna
1583	Other Voices, Other Rooms (novel)
2430	Bright Shiny Morning
1582	Midnight's Children
1581	Three Men in a Boat
1580	Big Sur (novel)
2427	Princess Ai
1579	A Walk in the Woods
2426	Many Waters
2425	The Flowers of Evil (manga)
1578	The Forgotten Garden
1577	I Am David
2424	Twilight of the Idols
1576	Hop on Pop
2423	The True Confessions of Charlotte Doyle
1575	Sepulchre (comics)
2422	The Frog Princess (novel)
1574	The Sum of All Men
2421	Room (novel)
1573	The Redemption of Althalus
2420	Doppelganger (novel)
2429	Stumbling on Happiness
2428	The Way of Kings
2441	Hunger (Hamsun novel)
1594	How to Talk Dirty and Influence People
1110	Breaking Point (novel)
2440	Stone of Tears
1593	Fear and Loathing on the Campaign Trail '72
1592	Reefer Madness (2003 book)
1591	Cloudy with a Chance of Meatballs
1590	Gerald's Game
1107	Divine Comedy
2438	Going Postal
1106	Waiting for Godot
2437	Bleachers (novel)
2436	Skipping Christmas
1589	The Chocolate War
1105	Flirt (novella)
2435	Kay Scarpetta
1588	The Trial
1104	Wild Magic
2434	On War
1587	A Passage to India
1103	Do Hard Things
2433	Poor Little Bitch Girl
1586	Vanity Fair (novel)
1102	The Ordinary Princess
1101	Bloody Jack (novel)
1585	House of Sand and Fog (novel)
2432	Kiss the Girls
1584	The Beautiful and Damned
2431	Julie of the Wolves
1100	The God of Small Things
1109	What I Saw and How I Lied
1108	Les Fleurs du mal
2439	Blood of the Fold
1121	The Day of the Locust
2452	Disco Bloodbath
1120	The Rules of Attraction
2451	Hagakure
2450	The Funhouse (novel)
2449	Men at Arms
1118	Foucault's Pendulum
1117	Autobiography of a Yogi
2448	Pirate Latitudes
2447	The Dragonbone Chair
1116	Modoc (novel)
2446	The Blue Castle
1115	The Vampire Armand
1599	Lord Loss
1598	Strange Angels (novel)
1114	A Certain Slant of Light (novel)
2445	Chaos Walking
1113	The Last Dog on Earth
1597	The Demonata
2444	Oryx and Crake
1596	I Am Ozzy
2443	Eats, Shoots & Leaves
1112	Dangerous Angels
1111	Elsewhere (anthology)
2442	A Scanner Darkly
1595	The Book of Lies (Crowley)
1119	Shantaram (novel)
1132	Vampire$
2463	Totto-Chan: The Little Girl at the Window
2462	Blood and Gold
1131	A Light in the Attic
2461	Handle with Care (novel)
1130	Lilith (novel)
2460	Doctors (novel)
1129	Blindness (novel)
1128	War and Peace
2459	Castle in the Air (novel)
1127	Bhagavad Gita
2458	Farmers' Almanac
2457	How Opal Mehta Got Kissed, Got Wild, and Got a Life
1126	Welcome to the Monkey House
1125	Raise High the Roof Beam, Carpenters and Seymour: An Introduction
2456	The Other Side of the Sky: A Memoir
1124	Helter Skelter (book)
2455	Briar Rose (novel)
1123	Weetzie Bat
2454	Wintergirls
2453	Confessions (St. Augustine)
700	Zodiac (novel)
1122	The Wallflower (manga)
701	Aura (novel)
702	The Metamorphosis
703	The House of the Spirits
704	The Mysterious Stranger
705	1Q84
706	100 Bullets
707	Skeleton Creek (novel)
708	Fallen (Kate novel)
709	The Corrections
2474	Island of the Sequined Love Nun
1143	Madame Bovary
1142	The Eyre Affair
2473	The Sickness Unto Death
1141	1st to Die
2472	Blackwood Farm
1140	2nd Chance (novel)
2471	Kabbalah
2470	Days of War, Nights of Love
1139	Brother Odd
1138	The Runaway Jury
2469	The Testament
1137	The Door to December
2468	Lush: A Novel
2467	The Power of Five
1136	Anne of the Island
1135	The Black Magician (novel series)
2466	Snakehead (novel)
2465	Feet of Clay (novel)
1134	Age of the Five
710	Contact (novel)
1133	The Wardstone Chronicles
2464	Thief of Time
711	I Am America (And So Can You!)
712	The Yiddish Policemen's Union
713	Extremely Loud and Incredibly Close
714	Isaac Asimov's Robot City
715	Everything Is Illuminated
716	Mars trilogy
717	That Was Then, This Is Now
718	Warrior (novel)
719	D.Gray-man
1154	The Canterville Ghost
2485	If Nobody Speaks of Remarkable Things
2001	The Red Queen: Sex and the Evolution of Human Nature
2000	Boneshaker (novel)
1153	Eat This, Not That
2484	As a Man Thinketh
1152	Rose Madder (novel)
2483	The Onion Girl
1151	There's a Wocket in My Pocket
2482	Alias Grace
1150	The Stormlight Archive
2481	October Sky
2480	Mystic River (novel)
1149	Pedagogy of the Oppressed
1148	Four Quartets
2479	The Golden Ass
1147	Middlemarch
2478	Diary of a Drug Fiend
2477	Shugo Chara!
1146	A Portrait of the Artist as a Young Man
720	The Looking Glass Wars
2476	Peace (novel)
1145	The Wonderful Wizard of Oz
721	Hush (novel)
2475	Club Dead
1144	Eat, Pray, Love
722	Emma (novel)
723	The Taming of the Shrew
724	Diary (novel)
725	Dramacon
726	Love Hina
727	Alchemy (novel)
728	Bloody Bones (novel)
729	Cerulean Sins
2496	Logan's Run
1165	The 3 Mistakes of My Life
2012	Almanac
1164	For One More Day
2495	Dragonriders of Pern
2011	How the Mind Works
2010	The China Study
1163	Bluebeard (Vonnegut novel)
2494	Such A Pretty Girl
1162	Hawksong
2493	With the Old Breed
2492	The Decameron
1161	The Shipping News
2491	The Land of Elyon
1160	The Kane Chronicles
2490	Paradiso (novel)
2009	Hood (novel)
2008	Summer of the Monkeys
2007	PiHKAL
2006	The Portable Atheist
1159	The Lost World (Crichton novel)
2489	The Tao of Wu
730	Blood Noir
2005	Not Without My Daughter
1158	Bizenghast
731	Obsidian Butterfly
2004	Bloodbrothers (novel)
1157	Kindred (novel)
2488	The Dante Club
2003	Esperanza Rising
732	Blue Moon (Noel novel)
1156	The Crow (novel)
2487	The Mammoth Hunters
2002	Fingersmith (novel)
1155	How the Grinch Stole Christmas!
2486	Junjo Romantica: Pure Romance
733	From Dead to Worse
734	The Giving Tree
735	The Stupidest Angel
736	Bite Me: A Love Story
737	Fool (novel)
738	What I Talk About When I Talk About Running
739	My �ntonia
1176	Purgatorio
2023	Disgrace (novel)
2022	White Noise (novel)
1175	Alas, Babylon
1174	A Kiss of Shadows
2021	The Ask and the Answer
2020	Adolf Hitler: My Part in His Downfall
1173	Harlequin (novel)
1172	Micah (novel)
1171	Incubus Dreams
1170	Danse Macabre (book)
2019	Everyone Poops
2018	Sophie's Choice (novel)
740	Guardians of Ga'Hoole: The Capture
2017	Monsters of Men
741	Sphere (novel)
1169	Narcissus in Chains
2016	Chasing Vermeer
1168	Seven Pillars of Wisdom
2499	L.A. Candy
2015	Grim Tuesday
742	The Vampire Diaries
743	Lies My Teacher Told Me
2014	Lord Sunday
2498	The Edge Chronicles
1167	The Waste Land
1166	Maurice (novel)
2497	The Angel's Game
2013	How to Win Friends and Influence People
744	The Queen of the Damned
745	Rurouni Kenshin
746	Yu-Gi-Oh!
747	The Once and Future King
748	Everything's Eventual
749	Necroscope (novel)
2034	Finnegans Wake
1187	Wayside School is Falling Down
2033	The Mill on the Floss
1186	Gregor the Overlander
1185	The Magician's Nephew
2032	A Room of One's Own
1184	The Occult: A History
2031	Murphy's Law (novel)
2030	Salem Falls
1183	Dengeki Daisy
1182	Roronoa Zoro
1181	Kare Kano
1180	Tokyo Mew Mew
2029	Along Came a Spider
750	Magic Tree House series
751	Beautiful Creatures (novel)
2028	Enduring Love
752	Pandora Hearts
2027	Private (novel)
753	Anima (novel)
1179	High School Debut
2026	The Dead and the Gone
754	Chicken Soup for the Soul
2025	The Running Man (novel)
1178	Code Geass
2024	Trivia (poem)
1177	The Clique (series)
755	Wait Till Helen Comes: A Ghost Story
756	The Pigman
757	The Long Hard Road Out of Hell
758	Veronika Decides to Die
759	Trainspotting (novel)
1190	The Hero and the Crown
1198	Doctor Zhivago (novel)
2045	The Gospel of the Flying Spaghetti Monster
1197	Like Water for Chocolate
2044	You Might Be a Zombie and Other Bad News
1196	New Living Translation
2043	The Red and the Black
1195	Jesus of Nazareth: Holy Week
2042	Mist (novel)
1194	Book of Esther
2041	Erin Hunter
1193	The Short Second Life of Bree Tanner
2040	She Walks in Beauty
1192	The Wolves of Mercy Falls
1191	The Riddle (novel)
760	The Idiot
761	Old Farmer's Almanac
2039	The Sea of Monsters
762	Nancy Drew
763	Religious text
2038	On Writing
2037	The Fabric of the Cosmos
764	The Killer Angels
1189	Predator Cities
765	The Electric Kool-Aid Acid Test
2036	The Stinky Cheese Man and Other Fairly Stupid Tales
2035	Ragtime (novel)
766	The Bonfire of the Vanities
1188	Sideways Stories from Wayside School (book)
767	The Glass Castle
768	Naked (book)
769	If Democrats Had Any Brains, They'd Be Republicans
2056	Player Piano (novel)
2055	Candy Girl: A Year in the Life of an Unlikely Stripper
2054	The Gathering (Enright novel)
2053	The Pillowman
2052	Thank You for Smoking (novel)
2051	The Lost Books (novel series)
2050	The Diving Bell and the Butterfly
770	Patriot Games
771	Executive Orders
772	Debt of Honor
773	Red Storm Rising
2049	The Zahir (novel)
774	The Jungle Book
775	Stargazer (novel)
2048	A Yellow Raft in Blue Water
776	Deadly Little Secrets
2047	Letters to a Young Poet
1199	Mother Night
777	Flyte
2046	Trout Fishing in America
778	The Tale of Despereaux
779	The Hunted (novel)
2067	Fierce Invalids Home from Hot Climates
2066	Delta of Venus
2065	Gravity's Rainbow
2064	3001: The Final Odyssey
2063	Baudolino
2062	Moth Smoke
2061	Chasing Redbird
2060	Twilight Eyes
780	Fablehaven
781	Waiting for the Barbarians
782	The Children of H�rin
783	The War of the Worlds
784	Dandelion Wine
300	Pride and Prejudice and Zombies
301	Bridge to Terabithia (novel)
785	Ingo (novel)
2059	Gantz
786	Kira-Kira
302	Dreamcatcher (novel)
2058	Dragon Ball Z
787	Perfect Chemistry
303	Cell (novel)
304	The Watchmen (novel)
788	Pretty Little Liars (book)
2057	Death Note Another Note: The Los Angeles BB Murder Cases
789	Where the Wild Things Are
305	To Kill a Mockingbird
306	A Game of Thrones
307	Thirteen Reasons Why
308	Pretties
309	A Tree Grows in Brooklyn (novel)
2070	The Face (novel)
2078	The Satanic Rituals
2077	The Greatest Show on Earth: The Evidence for Evolution
2076	Homage to Catalonia
2075	Incarceron
2074	Made in America (book)
2073	India Unbound
790	The Audacity of Hope
2072	And the Ass Saw the Angel
2071	The Terminal Man
791	The Magic of Thinking Big
792	Uncle Tom's Cabin
793	The Age of Turbulence
794	Johnny the Homicidal Maniac
310	The Gift (book)
795	Hannibal Rising
311	The Darkest Evening of the Year
796	Bloodlines (Mead novel)
312	Memoirs of a Geisha
797	Arkham Asylum: A Serious House on Serious Earth
313	The Shelters of Stone
798	Skeleton Crew
314	Interview with the Vampire
2069	Medea (play)
315	The Witching Hour (novel)
799	The Road
2068	The Dragons of Eden
316	Midnight in the Garden of Good and Evil
317	White Oleander
318	Love in the Time of Cholera
319	Dead Souls
2081	W.I.T.C.H.
2080	Ralph the Heir
2089	The Art of Seduction
2088	Earthsea
2087	Stranger with My Face
2086	The Visitation (novel)
2085	Women in Love
2084	The End of the Affair
2083	The Tenant of Wildfell Hall
2082	The Silver Chair
320	One Hundred Years of Solitude
321	Brisingr
322	The Amber Spyglass
323	The Luxe
324	A Little Princess
325	Sounder
326	The Call of the Wild
2079	Forgotten God (book)
327	Generation Dead
328	It's Kind of a Funny Story
329	Rainbow Boys
2092	The Silver Wolf
2091	Shakespeare's sonnets
2090	Whiteout (Follett novel)
2099	The Pit and the Pendulum
2098	I, Claudius
2097	The House of Mirth
2096	Dead to the World (novel)
2095	The Rapture (novel)
2094	Our Mutual Friend
2093	The Gospel of Filth
330	A Wrinkle in Time
331	The Hunger Games
332	Rainbow Road (novel)
333	The Witch of Portobello
334	The Tempest
335	The Wind Singer
336	Stolen (Christopher novel)
337	Little Women
338	King Leary
339	The Cask of Amontillado
340	The Last Storytellers: Tales from the Heart of Morocco
341	The Canterbury Tales
342	The Fall of the House of Usher
343	Forgotten Realms Adventures
344	Ouran High School Host Club
345	Misery (novel)
346	American Psycho
347	A Modest Proposal
348	Wicked Lovely
349	That Summer (Greig novel)
350	Fruits Basket
351	The Emperor's Code
352	Along for the Ride
353	The Lovely Bones
354	The Satanic Verses
355	Tropic of Cancer (novel)
356	Mind Siege
357	The Mists of Avalon
358	For Whom the Bell Tolls
359	Teaching with Calvin and Hobbes
10	Twilight (series)
11	Matched
12	Evermore (book)
13	Nightshade (novel)
14	The Maze Runner
15	Across the Universe (novel)
16	The City of Ember
17	Less Than Zero (novel)
18	The Southern Vampire Mysteries
19	The Hobbit
360	Northern Lights (novel)
361	Will Grayson, Will Grayson
362	I Am Legend (novel)
363	Ella Enchanted
364	Sleeping Freshmen Never Lie
365	Seeds of Yesterday
366	Georgina Kincaid
367	The Titan's Curse
368	The Last Olympian
369	The Little Prince
20	Sin City
21	Winnie-the-Pooh (book)
22	Bringing Down the House (book)
23	Dexter Is Delicious
24	Dexter in the Dark
25	The Silmarillion
26	Assholes Finish First
27	The Anarchist Cookbook
28	Dearly Devoted Dexter
29	World War Z
370	Impulse economy
371	Darkfever
372	The Sight (novel)
373	Looking for Alaska
374	Inheritance (novel)
375	Vampire Academy (novel)
376	Eldest
377	Angela's Ashes
378	The Color of Water
379	Project 17
30	List of Scott Pilgrim characters
31	One Flew Over the Cuckoo's Nest (novel)
32	Frankenstein
33	Tex Willer
34	If There Be Thorns
35	Petals on the Wind
36	Cut (novel)
37	Vampire Kisses
38	The Outsiders (novel)
39	Cirque du Freak
380	Jude (novel)
381	Let the Right One In (novel)
382	The Shining (novel)
383	Black Hole (comics)
384	The Name of the Wind
385	Oil!
386	Crank (novel)
387	Cujo
388	Blue Is for Nightmares (series)
389	The Forest of Hands and Teeth
40	Invisible Man
41	Lady Chatterley's Lover
42	The Giver
43	Strange Case of Dr Jekyll and Mr Hyde
44	Crime and Punishment
45	The Scarlet Letter
46	The Phantom of the Opera
47	A Series of Unfortunate Events
48	Pygmalion (play)
49	Carrie (novel)
2909	Urdu poetry
390	The Old Man and the Sea
391	The Hatchet (novel)
392	Characters of Shakespear's Plays
393	Universe (book)
394	I Hope They Serve Beer in Hell
395	The Girl Who Played with Fire
396	Being and Nothingness
2900	The Magicians (Grossman novel)
397	Darkly Dreaming Dexter
398	Dawn (Andrews novel)
399	Beyond Good and Evil
2908	Zen Mind, Beginner's Mind
2907	The Book of the New Sun
2906	Goodnight Mister Tom
2905	Among the Barons
50	The Lord of the Rings
2904	Storm Thief
51	Venus in Furs
2903	The Hollow
52	Needful Things
2902	The Lords of Discipline
53	Macbeth
2901	Sex at Dawn
54	The Stand
55	Through the Looking-Glass
56	The Teachings of Don Juan
57	A Heartbreaking Work of Staggering Genius
58	Ghost Wars
59	How to Be Good
2911	America (novel)
2910	The Three Stigmata of Palmer Eldritch
2919	Flags of Our Fathers
2918	Breathless (novel)
2917	The Snow Queen
60	Death of a Salesman
2916	The Romantic Manifesto
61	Pride and Prejudice
62	Book of Mormon
2915	North and South (trilogy)
2914	The Bonesetter's Daughter
63	Bartimaeus Sequence
2913	The Light Fantastic
64	I Am Not a Serial Killer
65	Jane Eyre
2912	The Apprentice (Gerritsen novel)
66	A Tale of Two Cities
67	The Little White Horse
68	The Sword of Truth
69	Around the World in Eighty Days
2922	Confessor (novel)
2921	Understanding Comics
2920	Popcorn (novel)
70	Dune (novel)
2929	The Magic Faraway Tree (novel)
2928	Motherless Brooklyn
71	Point Blanc
2927	The Magician: The Secrets of the Immortal Nicholas Flamel
72	New Arabian Nights
73	Fahrenheit 451
2926	Pedro P�ramo
2925	Beach Music (novel)
74	The Lost Years of Merlin
2924	The Revenge of the Shadow King
75	The Most Dangerous Game (novel)
76	Bram Stoker's Dracula
2923	The Crimson Petal and the White
77	Of Mice and Men
78	Dear Dumb Diary
79	Manga
2933	Rocket Boys
1602	Goodnight Moon
2932	Unlimited Power
1601	Aeneid
1600	Malazan Book of the Fallen
2931	The End of Eternity
2930	Second Foundation
80	Diary of a Wimpy Kid: The Ugly Truth
1609	The Mummy!
81	Return to Del
82	Eragon
1608	Temple of the Winds
83	The Chronicles of Narnia: Prince Caspian
1607	Self-Reliance
1606	Next (novel)
84	The Amityville Horror
1605	The Last Temptation of Christ
85	The Pelican Brief
1604	Freesouls
86	Collected Ghost Stories
87	A Painted House
1603	The Boleyn Inheritance
88	PS, I Love You (novel)
89	Lock and Key
1613	The Book of Lost Things
1612	The Truth (novel)
1611	Fall of Giants
1610	Out of the Dust
90	Where the Red Fern Grows
91	Someone like You (novel)
92	If Tomorrow Comes
1619	Gray's Anatomy
93	Specials (novel)
1618	The Interpretation of Dreams
94	Odyssey
95	Dreamland (novel)
1617	Rant (novel)
96	Angels & Demons
1616	Johnny Tremain
1615	Paint It Black (novel)
97	Dear John (novel)
1614	Ruby Holler
98	This Is Your Brain On Music
99	Inferno (Dante)
1624	Poison (Wooding novel)
1623	Candide
1622	The Chosen (Potok novel)
1621	Feelings (book)
1620	Asterix the Gaul
1629	The Bean Trees
1628	Skip Beat!
1627	The Cricket in Times Square
1626	The Name of the Rose
1625	Agnes Grey
1635	Witch & Wizard
1634	Artist's book
1633	The Rise and Fall of the Third Reich
1632	No Country for Old Men
1631	Exodus (novel)
1630	Predator's Gold
1639	Codex Alera
1638	The Swiss Family Robinson
1637	Tenderness (novel)
1636	Heart-Shaped Box (novel)
1646	Deltora Quest (series)
1645	Earl Cain
1644	Crime (novel)
1643	Balzac and the Little Chinese Seamstress
1642	Unaccustomed Earth
1641	The Regulators
1640	Under the Dome
1649	Miss Christina
1648	Fathom (comics)
1647	The Art of War
1660	Tailchaser's Song
1657	The Return of the Native
2504	Civil Disobedience (Thoreau)
2503	The Rigveda: A Historical Analysis
1656	Journey to the Center of the Earth
1655	Why We Suck
2502	The Book of the Law
2501	By the Light of the Moon (novel)
1654	Last Words (book)
1653	Aztec (novel)
2500	Grass for His Pillow
1652	Memnoch the Devil
1651	Gingerbread (novel)
1650	Charmed (comics)
2509	Count Zero
2508	Mona Lisa Overdrive
2507	The Hundred Secret Senses
1659	Scarecrow (novel)
2506	Shanghai Baby
1658	Raja Gidh
2505	Tao of Jeet Kune Do
1671	Beautiful Darkness
1670	The Vampire Diaries (novel series)
2515	A Course in Miracles
1668	Fairest (novel)
2514	World Almanac
1667	Kitchen Princess
1666	The Sword of Shannara
2513	Philosophical Investigations
2512	Freedom�
1665	The Grand Design (book)
1664	Annie's Baby
2511	Rage: A Love Story
1663	Saiyuki (manga)
2510	Kim (novel)
1662	L (Death Note)
1661	The Egyptian
2519	Hard Love
2518	Absalom, Absalom!
2517	Torture the Artist
1669	The Love Song of J. Alfred Prufrock
2516	The Gay Science
1682	Black Boy
1681	Escape (David McMillan book)
1680	Good to Great
2526	Being a Green Mother
1679	Brighton Rock (novel)
1678	The Devil's Dictionary
2525	The Monster at the End of This Book: Starring Lovable, Furry Old Grover
2524	Tales of a Fourth Grade Nothing
1677	Spring Awakening (play)
2523	Shadow Children
1676	House of M
2522	The Moon and Sixpence
1675	Dr. Franklin's Island
1674	Tempted (Cast novel)
2521	Meditations
2520	Shadowmancer
1673	George's Marvellous Medicine
1672	Mrs. Frisby and the Rats of NIMH
2529	Nodame Cantabile
2528	Dies the Fire
2527	The Bookseller of Kabul
1693	Brain Droppings
2540	Genius Squad
1692	Gathering Blue
1691	Go, Dog. Go!
1690	The Illuminatus! Trilogy
1206	The Alienist
2537	The Monk Who Sold His Ferrari
1205	I Am a Strange Loop
1689	Your Heart Belongs to Me (novel)
2536	Empire of the Ants (novel)
1688	Black House (novel)
1204	The Song of the Lioness
2535	Danny, the Champion of the World
1687	The Omnivore's Dilemma
2534	Lost and Found (book)
1203	The Phantom Tollbooth
1202	Old Kingdom (book series)
1686	Jarhead (book)
2533	Avalon High
1201	The Bourne Ultimatum
1685	Antony and Cleopatra (novel)
2532	Animorphs
1684	The Constitution of Liberty
1200	Labyrinth (novel)
2531	Molly Moon's Incredible Book of Hypnotism
2530	The Bachman Books
1683	The Pact (novel)
1209	Brian's Winter
2539	Body Language (book)
1208	The Transall Saga
2538	Ignited Minds
1207	White Line Fever (book)
2551	The Art of Loving
1220	After Dark (novel)
2550	Small Steps (novel)
1217	Heidi
2548	The Pillars of Creation
2547	Chainfire
1216	Ramayana
1699	The Client (novel)
2546	Skinny Legs and All (novel)
1215	The Adventures of Tintin
1214	Ceremony (Silko novel)
1698	Manual of the Warrior of Light
2545	With Child
2544	Shattered Mirror
1213	Diary of a Wimpy Kid: The Last Straw
1697	Ceres, Celestial Legend
1696	The Pilot's Wife
1212	Diary of a Wimpy Kid: Dog Days (book)
2543	The Plucker
1695	The Book of Ruth (novel)
1211	Good Omens
2542	Peace Like a River
2541	Why People Believe Weird Things
1694	The Robber Bride
1210	The Big Sleep
1219	Ancient History (novel)
2549	Broken (Armstrong novel)
1218	300 (comics)
1231	Book of Daniel
2562	Tales of the Otori
2561	The Farseer Trilogy
1230	Wolf Brother
2560	Skulduggery Pleasant
1228	Air Gear
2559	Aliens (novel series)
2558	The Dark (Curley novel)
1227	Chocolat (novel)
2557	This Boy's Life
1226	The Lucky One (novel)
1225	The General's Daughter (novel)
2556	The Heart Is Deceitful Above All Things (novel)
1224	At First Sight (novel)
2555	The Darkangel
1223	Where Rainbows End
2554	The Castle of Otranto
1222	Dreams from My Father
2553	Green Angel
2552	Johnny Got His Gun
1221	The Graveyard Book
800	Because of Winn-Dixie
801	Luna (Peters novel)
802	Stargirl (novel)
803	The Valley of Horses
804	The Grapes of Wrath
805	The Plains of Passage
806	The Thief of Always
807	A Clockwork Orange
1229	Need (novel series)
808	The Ugly Duckling
809	The Witches (book)
1242	From the Mixed-Up Files of Mrs. Basil E. Frankweiler
2573	Last Exit to Brooklyn
1241	The Blind Side: Evolution of a Game
2572	Blackbird (2011 novel)
2571	Guilty Pleasures (novel)
1240	The Handmaid's Tale
2570	The Road to Reality
1239	Farewell, My Lovely
1238	Mere Christianity
2569	Daughter of the Forest
2568	The Tombs of Atuan
1237	Mistborn: The Hero of Ages
2567	Black Like Me
1236	Job (novel)
1235	Gospel of Mark
2566	Nausea (novel)
1234	Gospel of Matthew
2565	The Moral Animal
1233	Tinker Tailor Soldier Spy
2564	Tandia
1232	City of the Beasts
2563	A Good Man Is Hard to Find
810	The Two Princesses of Bamarre
811	An Abundance of Katherines
812	Flipped
813	Misty of Chincoteague
814	Pendragon: Before the War
815	The Raven
816	James and the Giant Peach
817	Book of Exodus
818	The Red Tent
819	I Never Promised You a Rose Garden (novel)
1253	Lightning (novel)
2584	Scratch9
2100	Silverwing (novel)
1252	Fear Nothing (novel)
2583	The Dreamers (novel series)
2582	The Temple of My Familiar
1251	Watchers (novel)
1250	Seize the Night (novel)
2581	Desiderata
2580	The World Atlas of Wine
1249	Demon Seed (novel)
2579	Desert Flower
1248	The Good Guy
1247	Crazy Love: Overwhelmed by a Relentless God
2578	Infidel (novel)
1246	The Oath
2577	The Accursed Kings
1245	Ironman (novel)
2576	Charlie and the Great Glass Elevator
2575	Faster than a Kiss
820	Water for Elephants
1244	Paths of Glory (novel)
1243	The Legend of Sleepy Hollow
2574	Wayfarer Redemption
821	Middlesex (novel)
822	Lullaby (Palahniuk novel)
823	The Last Song (novel)
824	So B. It
825	The Shack
826	Keeping You a Secret
827	Broken Wings (book)
828	David Copperfield
829	The Alchemyst: The Secrets of the Immortal Nicholas Flamel
1264	My Friend Leonard
2111	Bliss (novel)
2595	Pinheads and Patriots
2110	Schooled (novel)
1263	Jay's Journal
2594	When I was Puerto Rican
1262	Sammy Keyes
2593	The Bluford Series
1261	The Name of this Book is Secret
2592	A Corner of the Universe
2591	Red Strangers
1260	America (The Book)
2590	Whispers (novel)
2108	The Memoirs of Sherlock Holmes
2107	The Longest Night (Angel novel)
1259	A Mango-Shaped Space
2106	Being Nikki
1258	The Diamond of Darkhold
2105	Blue Like Jazz
2589	Cheaper by the Dozen
2588	Mistborn: The Final Empire
2104	Leadership (book)
1257	The Sound and the Fury
2103	Vernon God Little
2587	Book of Proverbs
1256	The Forbidden Game
830	Clockwork Angel
2102	Shalimar the Clown
2586	The Seven Spiritual Laws of Success
1255	A Streetcar Named Desire (play)
831	The Sorceress: The Secrets of the Immortal Nicholas Flamel
2101	Merrick (novel)
1254	Noughts & Crosses (novel series)
832	Cosmos (book)
2585	Disney Fairies
833	The Importance of Being Earnest
834	2001: A Space Odyssey (novel)
835	Goethe's Faust
836	The Brief Wondrous Life of Oscar Wao
837	Frindle
838	Tuck Everlasting
839	The Lost World: Jurassic Park
2109	Polgara the Sorceress
2122	Encyclopedia
1275	Song of the Sparrow
1274	What Is the What
2121	Scar Tissue (book)
2120	I Feel Sick
1273	Carmilla
1272	The Sirens of Titan
1271	The Man Who Was Thursday
1270	Steppenwolf (novel)
2119	One Fish Two Fish Red Fish Blue Fish
2118	The Murders in the Rue Morgue
2117	Finding Cassie Crazy
1269	Book of Enoch
2116	King of the Wind
2599	Ways to Live Forever
2115	Eating Animals
840	The Good Earth
1268	Das Kapital
2114	The Rats (novel)
841	Suck It Up
1267	The Morganville Vampires
2598	Chrestomanci
2597	In Defense of Food
2113	Passion and Purity
842	The Supernaturalist
1266	Vampirates
2112	Bitten (novel)
1265	Artemis Fowl (series)
2596	Game Change
843	Boy Meets Boy (novel)
844	Spud (novel)
845	Charlie and the Chocolate Factory
846	My Life in France
847	The Riftwar Saga
848	Something Wicked This Way Comes (novel)
849	How to Eat Fried Worms
1286	Decision Points
2133	Reviving Ophelia
2132	Nine Princes in Amber
1285	The Immortal Life of Henrietta Lacks
2131	Just Kids
1284	Airframe (novel)
1283	Infinite Jest
2130	Feed (Anderson novel)
1282	Vampire Beach
1281	The Awakening (Chopin novel)
1280	The Glass Menagerie
2129	Of Course I Love You ..! Till I Find Someone Better
2128	Shopgirl (novella)
850	The Eyes of the Dragon
2127	Midnight Predator
1279	Cat on a Hot Tin Roof
851	The Lion, the Witch and the Wardrobe
2126	The Mighty Book of Boosh
1278	Imajica
2125	Abarat
852	Encyclop�dia Britannica
2124	A History of Western Philosophy
1277	The Watchman (novel)
853	Nectar in a Sieve
1276	Hearts in Atlantis
2123	Old Man's War
854	The Heart Is a Lonely Hunter
855	The Joy Luck Club (novel)
856	Kafka on the Shore
857	Foundation (novel)
858	The Diamond Age
859	Dirk Gently's Holistic Detective Agency
2144	Damage (Hart novel)
1297	We (novel)
2143	Killing Yourself to Live: 85% of a True Story
1296	How the Garc�a Girls Lost Their Accents
1295	The Twits
2142	Tom Clancy's Rainbow Six
2141	Lirael
1294	The Castle (novel)
2140	Wild Seed (novel)
1293	The Pirate (novel)
1292	Obsessed (novel)
1291	Mark of the Lion Series
1290	The Circle (novel)
2139	The History of the Decline and Fall of the Roman Empire
860	So Yesterday (novel)
2138	And Another Thing... (novel)
861	Stardust (novel)
862	The Dark Knight Returns
2137	Half Asleep in Frog Pajamas
1289	Adam (novel)
863	The Preacher (novel)
2136	A Long Way Down
864	The Chronicles of Amber (omnibus)
1288	The House (novel)
2135	Smashed: Story of a Drunken Girlhood
865	How I Live Now
2134	Hyperspace (book)
1287	The Big Short
866	The Historian
867	The Declaration (novel)
868	A Beautiful Mind (book)
869	The Illustrated Man
2155	The Dogs of Babel
2154	The Constant Princess
2153	The Land (novel)
2152	The Kitchen God's Wife
2151	The Bronze Horseman (novel)
2150	Nietzsche: Philosopher, Psychologist, Antichrist
870	Griffin and Sabine
871	Valiant : A Modern Tale of Faerie
2149	Timequake
872	The Accidental Billionaires
2148	The Woman in White (novel)
873	Ironside: A Modern Faery's Tale
874	Chibi Vampire
2147	Sharp Objects
2146	First Person Plural: My Life As a Multiple
875	King Dork
1299	The Kreutzer Sonata
2145	Possible Side Effects
1298	City of God (book)
876	A Farewell to Arms
877	Dubliners
878	Lorna Doone
879	Sophie's World
2166	Train to Pakistan
2165	Days of Magic, Nights of War
2164	The Fire Eternal
2163	Cannery Row (novel)
2162	The Year of Living Biblically
2161	The Thirteenth Tale
2160	Jingo (novel)
880	A Million Little Pieces
881	Where the Heart Is (novel)
882	A Lion Among Men
883	Identical (novel)
400	The Vampire Lestat
884	The Haunting of Alaizabel Cray
2159	Adrian Mole
2158	Let the Great World Spin
885	Wake (Lisa McMann novel)
401	Abhorsen
2157	The Well of Loneliness
402	Mockingjay
886	Vampire Knight
887	Falcondance
2156	Wringer (novel)
403	The Lunatic Cafe
888	Snakecharm
404	Circus of the Damned
405	Roll of Thunder, Hear My Cry
889	Ink Exchange
406	Burnt Offerings (novel)
407	Skin Trade (novel)
408	Kushiel's Dart
409	The Laughing Corpse
2177	Rosario + Vampire
2176	The Almost Moon
2175	The Battle of the Labyrinth
2174	Microserfs
2173	The Book of Negroes
2172	Reaper Man
2171	Fear (anthology)
2170	The Prosecution of George W. Bush for Murder
890	Wolfcry
891	Jitterbug Perfume
892	Shutter Island
893	The Dresden Files
410	A Wind in the Door
894	Across the Nightingale Floor
411	The Doll People
895	The Pillars of the Earth
412	The Thief Lord
896	The Bad Place
2169	The Inheritance of Loss
2168	Hard Times
897	Code to Zero
413	A Ring of Endless Light
414	Artemis Fowl (novel)
2167	A Case of Exploding Mangoes
898	Inkdeath
415	The Overton Window
899	Geek Love
416	Roots: The Saga of an American Family
417	Mistborn series
418	Bone (comics)
419	God Is Not Great
2180	Someday This Pain Will Be Useful to You
2188	Quidditch Through the Ages
2187	Intensity (novel)
2186	Sunshine (novel)
2185	Tarzan of the Apes
2184	Everything Bad Is Good for You
2183	Rage of Angels
2182	Skeleton Key (novel)
2181	A Grief Observed
420	The Universe in a Nutshell
421	The Moral Landscape
422	Night (book)
423	Oh, the Places You'll Go!
424	The Vagina Monologues
2179	Sailor Moon
2178	.hack
425	Curious George (book)
426	The Secret (book)
427	Persepolis (comics)
428	Lolita
429	Princess Academy
2191	The Golem's Eye
2190	An Inconvenient Truth (book)
2199	Guards! Guards!
2198	The Spy Who Came in from the Cold
2197	The Art of Racing in the Rain
2196	Spanking Shakespeare
2195	The Wise Man's Fear
2194	Only Revolutions
2193	A Room with a View
2192	Fever (novel)
430	The Moorchild
431	Maximum Ride
432	Jinx (novel)
433	Jessica's Guide to Dating on the Dark Side
434	Hope Was Here
435	Till We Have Faces
436	The Great Divorce
2189	Angels in America: A Gay Fantasia on National Themes
437	Illusions (Bach novel)
438	The Plague
439	Tigana
440	The Things They Carried
441	By the River Piedra I Sat Down and Wept
442	Pet Sematary
443	The 19th Wife
444	It (novel)
445	Darkest Powers
446	The Poisonwood Bible
447	Schindler's Ark
448	The Dead Zone (novel)
449	Jaws (novel)
450	Pretty Little Things
451	The Bell Jar
452	Firewing
453	Black Beauty
454	Garfield
455	The Walking Dead (comic book)
456	The 48 Laws of Power
457	The Prince
458	Othello
459	Girl, Interrupted
460	Touching Spirit Bear
461	Bunnicula: A Rabbit-Tale of Mystery
462	If You Give a Mouse a Cookie
463	The Curious Incident of the Dog in the Night-Time
464	Paper Towns
465	The Black Tattoo
466	Leven Thumps
467	Glass (novel)
468	Eighth Grade Bites
469	Warriors (anthology)
470	The Return of the King
471	The Fellowship of the Ring
472	Captain Underpants
473	Fables (book)
474	King James Version
475	The Neverending Story
476	The House on Mango Street
477	House of Leaves
478	Howl's Moving Castle
479	Coraline
480	Wishful Drinking
481	And I Don't Want to Live This Life
482	Ulysses (novel)
483	The Girl Next Door (novel)
484	Capitalism and Freedom
485	The Wealth of Nations
486	The Age of Reason (novel)
487	Sound of the Beast
488	The Wedding (Steel novel)
489	Nights in Rodanthe (novel)
490	The King of Torts
491	The Rainmaker (novel)
492	The Choice (novel)
493	Holidays on Ice (book)
494	Prom Nights from Hell
495	Steal This Book
496	Anathem
497	Battle Royale
498	Childhood's End
499	Neuromancer
1701	The Cry of the Icemark
1700	Halo (series)
1709	Airman (novel)
1708	Tao Te Ching
1707	Between a Rock and a Hard Place (book)
1706	All the Pretty Horses (novel)
1705	The Garden of Eden (novel)
1704	The Big Over Easy
1703	A Study in Scarlet
1702	Love, Stargirl
1712	Lone Survivor (book)
1711	Eva Luna
1710	Fell (novel)
1719	Black Butler
1718	Medical literature
1717	Redeeming Love
1716	The Traveler (novel)
1715	The Myth of Sisyphus
1714	The Joke (novel)
1713	Doctrine and Covenants
1723	Marvel Zombies (series)
1722	All American Girl (novel)
1721	The Bourne Legacy (novel)
1720	The Very Hungry Caterpillar
1729	Eleven Minutes
1728	Bonjour Tristesse
1727	The Hot Zone
1726	The Undomestic Goddess
1725	Lies and the Lying Liars Who Tell Them
1724	The League of Extraordinary Gentlemen (novel)
1734	Brida (novel)
1733	Zane's Sex Chronicles
1732	Bag of Bones
1731	Hiroshima (book)
1730	The Wonderful Story of Henry Sugar and Six More
1739	In His Own Write
1738	At the Mountains of Madness
1737	The Call of Cthulhu and Other Weird Stories
1736	The Hitchhiker's Guide to the Galaxy
1735	The Devil and Miss Prym
1745	Be Here Now (book)
1744	City of Fallen Angels
1743	Cain and Abel
1742	Maximum Ride: The Angel Experiment
1741	The Reader
1740	The Last Unicorn
1749	Child of God
1748	Bowie: A Biography
1747	Cathy's Book
1746	Kingdom of Fear (book)
1756	Belinda (Edgeworth novel)
2603	Wanted (comics)
2602	Stainless Longganisa
1755	Vittorio the Vampire
1754	The Edible Woman
2601	So Long, and Thanks for All the Fish
2600	Rubaiyat of Omar Khayyam
1753	The Mayor of Casterbridge
1752	Dealing with Dragons
1751	The Story of My Experiments with Truth
1750	We Have Always Lived in the Castle
2609	Lenore
2608	Chelsea Chelsea Bang Bang
2607	The Long Dark Tea-Time of the Soul
2606	The Acid House
1759	My Booky Wook
1758	Daddy-Long-Legs (novel)
2605	The Invention of Hugo Cabret
2604	Winter Rose (novel)
1757	Money (novel)
1770	The Death and Life of Great American Cities
1767	Dragon Tears
2614	Gaunt's Ghosts
1766	Hideaway (novel)
2613	The Valkyries (novel)
1765	The Island of Doctor Moreau
2612	Sons and Lovers
1764	Girls of Riyadh
2611	The Sicilian
1763	The Lake House (novel)
2610	The Nanny Diaries
1762	Firestarter (novel)
1761	The Mist
1760	Lionboy
2619	Batman: Year One
2618	Surprised by Joy
2617	Assassins (LaHaye novel)
2616	How to Make Love Like a Porn Star
1769	Napalm and Silly Putty
2615	Conspiracy Encyclopedia
1768	He's Just Not That Into You
1781	1776 (book)
1780	The Body of Christopher Creed
1778	The Man in the High Castle
2625	She: A History of Adventure
2624	Nothing Lasts Forever (1979 novel)
1777	The Girl Who Leapt Through Time
2623	The Intelligent Investor
1776	The Twelve (novel)
2622	Pale Fire
1775	One Day in the Life of Ivan Denisovich
1774	The Brethren (novel)
2621	Flatland
2620	The Prophecy of the Stones
1773	List of Warhammer 40,000 novels
1772	The Perfect Storm (book)
1771	Stormbreaker (novel)
2629	The Last Sin Eater
2628	The Structure of Scientific Revolutions
2627	The Way of Shadows
1779	Ubik
2626	A Clash of Kings
1792	Black Dagger Brotherhood
1791	Thinner (novel)
1790	The Caves of Steel
1789	Zorro (novel)
1305	Night Watch (Lukyanenko novel)
2636	The Husband
1788	The Will to Power (manuscript)
2635	The Process (novel)
1304	My Family and Other Animals
1787	Bleak House
1303	Factotum (novel)
2634	Dexter by Design
2633	The New Jedi Order
1786	Kidnapped (novel)
1302	Number the Stars
1301	Going Rogue: An American Life
1785	The Age of Innocence
2632	Journey to the River Sea
2631	Conan the Barbarian (1982 novel)
1300	Gulliver's Travels
1784	The Tale of the Body Thief
1783	Don't Let the Pigeon Drive the Bus!
2630	Angel (novel)
1782	Hairstyles of the Damned
1309	Love That Dog
1308	The Te of Piglet
2639	The Dark Tower IV: Wizard and Glass
1307	Small Gods
2638	The Men Who Stare at Goats
1306	Fight Club (novel)
2637	The Body Farm (novel)
2650	Immortality (novel)
2647	The End of Faith
1316	The Master and Margarita
1315	Marvel Books
2646	Way of the Peaceful Warrior
1799	A Dirty Job
2645	The Amazing Spider-Man
1314	Life, the Universe and Everything
1798	The Blind Assassin
1313	The Pearl (novel)
2644	Enna Burning
1797	You Shall Know Our Velocity
2643	The Negotiator (novel)
1312	The Messenger (Markus Zusak novel)
1796	The True Believer
1311	The Restaurant at the End of the Universe
2642	The Basic Eight
1795	House of Night
1794	Nothing But the Truth (novel)
1310	Ishmael (novel)
2641	The Old Curiosity Shop
2640	Bartleby, the Scrivener
1793	Stones from the River
1319	A Cry in the Night (novel)
1318	The Purpose Driven Life
2649	The Dark Is Rising Sequence
2648	Pellinor
1317	Kapitan Sino
1330	Hate List
2661	Heavier Than Heaven
2660	Silent Spring
1327	The Sweet Far Thing
2658	How We Decide
2657	Drowning Ruth
1326	Hannibal (novel)
1325	Hopscotch (Julio Cort�zar novel)
2656	The Fifth Sacred Thing
2655	The Truth About Diamonds
1324	Jack the Ripper: The Final Solution
2654	The Education of Little Tree
1323	The Named
2653	Emily the Strange
1322	Red (novel)
1321	As I Lay Dying (novel)
2652	World of Warcraft: Arthas: Rise of the Lich King
2651	The Waves
1320	The Civil War: A Narrative
900	A Wolf at the Table
901	Tithe: A Modern Faerie Tale
902	As Simple as Snow
903	Outliers (book)
904	The Wretched of the Earth
1329	The Gold Bug Variations
905	Uncanny X-Men
2659	Necropolis (Horowitz novel)
906	The Elements of Style
1328	Black Cat (comics)
907	Textbook
908	The Hardy Boys
909	The Bourne Identity (novel)
1341	We the Living
2672	Mythologies (book)
2671	Cry to Heaven
1340	Death Note
2670	The Tale of Genji
1338	The Sleeping Beauty (novel)
2669	Everworld
2668	Eaters of the Dead
1337	The Sea of Trolls
2667	Lajja
1336	Essays (Montaigne)
2666	The Man Who Mistook His Wife for a Hat
1335	The Sorrows of Young Werther
1334	The Prodigal Daughter
2665	Hellblazer
2664	The Malloreon
1333	Watchmen
1332	The Freedom Writers Diary
2663	The Death Gate Cycle
1331	I'd Tell You I Love You, But Then I'd Have to Kill You
2662	Violin (novel)
910	The Power of Myth
911	Lords of Chaos (book)
912	The Magus (novel)
913	Das Nibelungenlied: Ein Heldenepos in 39 Abenteuern
914	Cabal (novella)
915	The Antichrist (book)
916	The Forever War
917	Keeping the Moon
1339	The Spiderwick Chronicles
918	When God Writes Your Love Story
919	Before I Die
1352	Martyn Pig
2683	Knowing God
2682	Alice in the Country of Hearts
1351	The Amazing Adventures of Kavalier & Clay
2681	The Descent of Man, and Selection in Relation to Sex
1350	The Wish (novel)
2680	Discipline and Punish
1349	Cry, the Beloved Country
1348	Christine (novel)
2679	Berserk (novel)
1347	Fox in Socks
2678	Full Dark, No Stars
1346	Odd Thomas (novel)
2677	Collapse: How Societies Choose to Fail or Succeed
1345	Brilliance of the Moon
2676	Dark Prince
1344	Eagle Strike
2675	Blood Meridian
1343	The Hungry Tide
2674	The Day of the Jackal
920	Life of Pi
1342	The Inscrutable Americans
2673	The Shadow over Innsmouth
921	Fear of Flying (novel)
922	The Sandman (book)
923	The Holy Blood and the Holy Grail
924	The Cabinet of Curiosities
925	Assassin's Apprentice
926	The War of the Flowers
927	Weaveworld
928	Idoru
929	The Great and Secret Show
1363	The Rose That Grew from Concrete (book)
2210	Castaways of the Flying Dutchman
2694	The Other Side of Midnight
1362	Murder on the Orient Express
2693	The Miraculous Journey of Edward Tulane
1361	The Mark (novel)
2692	Best Friends in Love
2691	The House of Thunder
1360	The Bear and the Dragon
2690	The Fire Within (novel)
2207	The Kingdom Keepers
2206	The Hunting of the Snark
1359	The Hellbound Heart
1358	Stupid White Men ...and Other Sorry Excuses for the State of the Nation!
2689	And the Hippos Were Boiled in Their Tanks
2205	Tiger Eyes
1357	Touching the Void
2204	Elixir (novel)
2688	The Saga of Darren Shan
1356	Blankets (comics)
2203	Daniel Deronda
2687	Devil May Cry
2686	A Voice in the Wind
2202	Q & A (novel)
1355	Song of Solomon (novel)
930	Dark Rivers of the Heart
2685	Democracy in America
1354	Anne of Avonlea
2201	The Lightning Thief
2684	Mara, Daughter of the Nile
931	The Little Mermaid
1353	It Happened to Nancy: By an Anonymous Teenager
2200	Notes from Hell
932	Little Men
933	Surely You're Joking, Mr. Feynman!
934	Outlander (novel)
935	Skinny Bitch
936	Peanuts
937	Leaves of Grass
2209	A Briefer History of Time (Schulman book)
938	Common Sense (pamphlet)
2208	The Bermuda Triangle (book)
939	Tractatus Logico-Philosophicus
1374	Transmetropolitan
2221	American Pastoral
2220	Lord Jim
1373	The Art of Deception
1372	Hourglass (novel)
1371	Before I Fall
1370	The Scarlet Thread
2218	The Two Pearls of Wisdom
2217	Heir Apparent (novel)
1369	Twisted (book)
2216	The Atonement Child
2215	The Vampire's Assistant
1368	The Beautiful Boy
2699	Tamar (novel)
1367	Book of Isaiah
2698	Forged by Fire (novel)
2214	His Majesty's Dragon
940	G�del, Escher, Bach
2213	Nation (novel)
1366	Farewell to Manzanar
2697	The Seekers (book)
2696	The Executioner's Song
1365	In Cold Blood
2212	Smile! (novel)
941	The Seven Habits of Highly Effective People
942	The Science of Getting Rich
2211	The Hollow Kingdom Trilogy
2695	The Miracle of Forgiveness
1364	The Masque of the Red Death
943	Dianetics: The Modern Science of Mental Health
944	The Varieties of Religious Experience
945	The Stuff of Thought
946	A Moveable Feast
947	Musicophilia
948	Stiff: The Curious Lives of Human Cadavers
949	Tunnels (novel)
2219	The It Girl
2232	That Hideous Strength
1385	 Hogan novel)
1384	The Glass Bead Game
2231	Shanghai Girls
2230	The Boxcar Children
1383	Wolverine (comics)
1382	Cable & Deadpool
1381	The Facebook Effect
1380	The Pendragon Adventure
2229	Loser (novel)
2228	The Liar (novel)
2227	The Sky Is Everywhere
1379	Jabberwocky
2226	CHERUB
1378	SuperFreakonomics
950	My Name Is Red
2225	Rhapsody: Child of Blood
1377	Freakonomics
951	The Surgeon (novel)
2224	Surviving Your Serengeti
2223	Snow (Pamuk novel)
1376	The Butter Battle Book
952	Harriet the Spy
953	Life as We Knew It (novel)
2222	Girlfriend in a Coma (novel)
1375	Stone Butch Blues
954	Living Dead in Dallas
955	Dead Until Dark
956	Kitchen Confidential: Adventures in the Culinary Underbelly
957	Ivanhoe
958	Harold and the Purple Crayon
959	Watership Down
1396	Ariel (book)
2243	The Double Helix
1395	The Birth of Tragedy
2242	The Two Towers
2241	Cardcaptor Sakura
1394	Mythology (book)
2240	Sex, Drugs, and Cocoa Puffs
1393	Dress Your Family in Corduroy and Denim
1392	The Source (novel)
1391	Fun Home
1390	Dead Beautiful
2239	Valley of the Dolls
2238	Be Careful What You Wish For (Jeffrey Archer novel)
960	Children of Dune
2237	Woman Thou Art Loosed
961	Dhammapada
2236	The Story of My Life (biography)
1389	Dead as a Doornail
1388	Definitely Dead
2235	Stalingrad (book)
962	Dune Messiah
2234	Interpreter of Maladies
1387	The World Is Flat
963	Heir to the Empire
964	The Hunter's Blades Trilogy
2233	The Trumpet of the Swan
1386	The Remains of the Day
965	Soulmates (play)
966	The Reckoning (Armstrong novel)
967	Soldier X
968	Rifles for Watie
969	Notes from Underground
2254	A Piece of Cake: A Memoir
2253	Fallout: An American Nuclear Tragedy
2252	The Work and the Glory
2251	Wonder Boys
2250	Rendezvous with Rama
970	The Turn of the Screw
2249	Flashforward (novel)
2248	Culture Warrior
971	High Fidelity (novel)
2247	Save Me from Myself
972	Pygmy (novel)
1399	Dairy Queen (novel)
973	Flowers for Algernon
2246	So You Want to Be a Wizard
974	State of Fear
1398	In the Time of the Butterflies
2245	13 Little Blue Envelopes
2244	The Maltese Falcon (novel)
1397	The Monk
975	Little Brother (Doctorow novel)
976	A Hero of Our Time
977	The World as Will and Representation
978	Tricks (novel)
979	Beloved (novel)
2265	Zorba the Greek
2264	The Feminine Mystique
2263	The Black Company (novel)
2262	Armor (novel)
2261	The Eye of the World
2260	Dragons of Autumn Twilight
980	Symposium (Plato)
981	Boy's Life (novel)
982	Things Fall Apart
2259	YuYu Hakusho
2258	The Best Laid Plans
983	From a Buick 8
2257	Fushigi Y�gi
984	Different Seasons
500	A Bend in the Road
501	Sense and Sensibility
2256	Letter to a Christian Nation
985	Dark Visions
986	Thirsty (novel)
2255	Breaking the Spell: Religion as a Natural Phenomenon
502	Naked Empire
987	Bless Me, Ultima
503	Wizard's First Rule
504	The House of the Scorpion
988	A Swiftly Tilting Planet
505	Post Office (novel)
989	Ramona the Pest
506	Naked Lunch
507	Catch-22
508	The Wind in the Willows
509	The Confession (novel)
2276	The Abolition of Man
2275	Werewolf: The Apocalypse
2274	The Seventh Tower
2273	List of School Rumble characters
2272	The Guernsey Literary and Potato Peel Pie Society
2271	The 13� Lives of Captain Bluebear
2270	Dragonlance Adventures
990	A Christmas Carol
991	The Haunting of Hill House
992	Three Cups of Tea
993	A Hat Full of Sky
994	On a Pale Horse
510	A Perfect Stranger
2269	Going Bovine
2268	Crescendo (novel)
995	Bearing an Hourglass
511	Daughter of Fortune
996	Wielding a Red Sword
2267	The Thorn Birds
512	Daughters of the Moon
2266	Windmills of the Gods
997	Epic of Gilgamesh
513	The Immortals (novel)
514	Protector of the Small
998	Ender's Shadow
999	The Summoning (novel)
515	Ender's Game
516	Holes (novel)
517	Diary of a Wimpy Kid (series)
518	Ninth Grade Slays
519	World Without End (Follett novel)
2287	S � A: Special A
2286	Skippyjon Jones
2285	Three (novel)
2284	The End of Mr. Y
2283	I, Lucifer
2282	A Suitable Boy
2281	Drawing Blood
2280	Doing It
520	Elfquest
521	The Martian Chronicles
522	The Brothers Karamazov
2279	Love You Forever
523	Cat's Cradle
2278	A Woman For All Seasons
2277	The Innocent Mage
524	The Raw Shark Texts
525	The Wheel of Time
526	Otherland
527	Down Under (book)
528	The Wee Free Men
529	The Life and Times of the Thunderbolt Kid
2290	Mafalda
2298	Among the Free
2297	The Shadowlands
2296	Hot, Flat, and Crowded
2295	The Runaways (novel)
2294	Milkweed (novel)
2293	Bridget Jones's Diary
2292	Pir-e-Kamil
2291	The History of Love
530	Monstrous Regiment (novel)
531	Nightfall (Asimov short story and novel)
532	Redwall (novel)
533	With a Tangled Skein
2289	The Missionary Position
534	The Heroin Diaries: A Year in the Life of a Shattered Rock Star
535	Garden of Shadows
2288	The Autobiography of Malcolm X
536	My Sweet Audrina
537	Insomnia (novel)
538	The Lottery
539	The Power of Now
540	Women (novel)
541	Wicked: The Life and Times of the Wicked Witch of the West
542	Sir Gawain and the Green Knight
543	Stellaluna
544	The Scarlet Pimpernel
545	Peter and Wendy
2299	The Happy Prince and Other Tales
546	Phantoms (novel)
547	Five Quarters of the Orange
548	Gunnerkrigg Court
549	Rose Daughter
550	Beauty: A Retelling of the Story of Beauty and the Beast
551	The Merchant of Venice
552	Poison Study
553	Quran
554	Twenty Thousand Leagues Under the Sea
555	Northanger Abbey
556	Far from the Madding Crowd
557	Persuasion (novel)
558	The Umbrella Academy
559	Civil War (comics)
560	Soul Eater (manga)
561	Digital Fortress
562	The Realm of Possibility (novel)
563	Lamb: The Gospel According to Biff, Christ's Childhood Pal
564	Without You (book)
565	Suzanne's Diary for Nicholas
566	Deadline (Grant novel)
567	Out of the Silent Planet
568	A Connecticut Yankee in King Arthur's Court
569	The Screwtape Letters
570	Stranger than Fiction: True Stories
571	Saving Fish from Drowning
572	Cold Mountain (novel)
573	East of Eden (novel)
574	Time Enough for Love
575	The Power of One (novel)
576	Star Trek
577	Annie on My Mind
578	Tess of the d'Urbervilles
579	Gormenghast (novel)
580	Revolutionary Road
581	Tender Is the Night
582	Book of Revelation
583	Red Dragon (novel)
100	The Doors of Perception
584	Torah Or
101	Nickel and Dimed
585	Romeo and Juliet
102	The Secret Life of Bees
586	The Communist Manifesto
103	Inkheart
587	Horton Hears a Who!
104	Go Ask Alice
588	The Cat in the Hat
105	Anthem (novella)
589	Napoleon Bonaparte: An Intimate Biography
106	The God Delusion
107	The Theory of Everything
108	Fingerprints of the Gods
109	A Brief History of Time
590	Grimms' Fairy Tales
591	Jonathan Livingston Seagull
592	The Class (Erich Segal novel)
593	False Memory (novel)
110	Blink (book)
594	Five Point Someone
595	Love Story (novel)
111	The Lost Symbol
112	The Kite Runner
596	Ethan Frome
113	The Alchemist (novel)
597	The Prophet (book)
114	The Notebook (novel)
598	To Sir, With Love (novel)
599	Complete Works of Shakespeare
115	Zen and the Art of Motorcycle Maintenance
116	Maximum City
117	The Stranger (novel)
118	A Confederacy of Dunces
119	The Dark Half
120	Hunter (Pierce novel)
121	The Dark Tower: The Gunslinger
122	'Salem's Lot
123	The Cat Who Saw Red
124	Blood Promise (novel)
125	Shadow Kiss
126	Midnight Sun (novel)
127	Message in a Bottle (novel)
128	The Five People You Meet in Heaven
129	Hush, Hush
130	Spirit Bound
131	The Lost Boy (memoir)
132	The Mysterious Benedict Society
133	The Smurfs
134	Inheritance Cycle
135	The Secrets of the Immortal Nicholas Flamel
136	I Am Number Four
137	Blood and Chocolate (novel)
138	Inkspell
139	Me Talk Pretty One Day
1809	Demian
140	The No. 1 Ladies' Detective Agency (novel)
141	Eric (novel)
142	The Borrowers
143	American Gods
1800	Haters (novel)
144	The Princess Bride
145	Alice's Adventures in Wonderland
146	The Yellow Wallpaper
147	Starship Troopers
148	Dragonlance
149	The Dark Elf Trilogy
1808	The Crystal Cave
1807	Leaving a Doll's House: A Memoir
1806	The Prestige
1805	Mr. Popper's Penguins
1804	My Horizontal Life
1803	Double Fudge
1802	Airhead (novel)
1801	In Search of Lost Time
150	Vampire: The Masquerade
151	Choose Your Own Adventure
152	Septimus Heap
153	Magyk
1811	Fire (Cashore novel)
154	Syren (novel)
155	The Hitchhiker's Guide to the Galaxy (novel)
1810	Conversations with God
156	Neverwhere (novel)
157	A Song of Ice and Fire
158	The Adventures of Sherlock Holmes
159	Anna Karenina
1819	The Satanic Bible
1818	Sellevision
1817	Rule of the Bone
1816	The Space Vampires
1815	The Moon Is a Harsh Mistress
1814	Have Space Suit�Will Travel
1813	God Emperor of Dune
1812	The Third Policeman
160	Slaughterhouse-Five
161	Henry V (play)
162	A Midsummer Night's Dream
163	The Hamlet
164	Fences (play)
165	The Hunchback of Notre-Dame
1822	Moby-Duck
1821	Kick Ass (book)
166	Moby-Dick
1820	Petey
167	Treasure Island
168	Lord of the Flies
169	The Adventures of Tom Sawyer
1829	Metaphysics of War
1828	The Marriage of Heaven and Hell
1827	Why We Love Women
1826	Guinness World Records
1825	Idlewild (novel)
1824	Old Yeller
1823	Midnighter
170	Speak (novel)
171	The Perks of Being a Wallflower
172	A Memory of Light
173	Bible
174	Utopia (book)
175	Four Past Midnight
1833	After (book)
176	Royal Assassin
1832	Gilead (novel)
177	City of Ashes
1831	Wise Blood
178	Metamorphoses
1830	Bury My Heart at Wounded Knee
179	City of Glass (Mortal Instruments)
1839	Fragile Things
1838	The Chaos
1837	All My Friends Are Dead
1836	Slam (novel)
1835	Code Orange (novel)
1834	The Iron Heel
180	The Host (novel)
181	City of Bones (Mortal Instruments)
182	Haunted (Palahniuk novel)
183	Siddhartha (novel)
184	Where the Sidewalk Ends (book)
185	Green Eggs and Ham
186	Invisible Monsters
187	Animal Farm
1844	The Sky Is Falling (Sheldon novel)
188	The Gift (Croggon novel)
1843	Bastard Out of Carolina (novel)
189	Chosen (A House of Night novel)
1842	Books of Blood
1841	Germinal (novel)
1840	The Mahabharata (Narayan book)
1849	Desperation (novel)
1848	Time's Arrow (novel)
1847	Songs of Innocence and of Experience
1846	Nicomachean Ethics
1845	Pet Shop of Horrors
190	The Blue Sword
191	Fire Study
192	Haunted (The Mediator)
193	The Princess Diaries (novel)
194	The Secret Dreamworld of a Shopaholic
195	The Other Boleyn Girl
196	The Sisterhood of the Traveling Pants (novel)
197	Gone with the Wind
2702	The 120 Days of Sodom
198	This Lullaby
1855	The Lottery Rose
2701	Shattered (book)
199	The Crucible of Time
1854	Rachel Ray (novel)
2700	The Pilgrimage
1853	The Inheritance (novel)
1852	Lucky (memoir)
1851	Push (novel)
1850	The Sleeping Beauty Trilogy
2709	The Go-Between
2708	Villa Incognito
2707	The Mote in God's Eye
2706	The Cement Garden
1859	Among the Hidden
1858	Among the Brave
2705	Catalyst (novel)
2704	The Mother Tongue
1857	I Know What You Did Last Summer (novel)
1856	'Tis
2703	Corduroy (book)
2713	The Chrysalids
1866	The Black Cauldron (novel)
2712	Midnight (Koontz novel)
1865	Wren to the Rescue
1864	Olive's Ocean
2711	Violets Are Blue (novel)
1863	Nancy Drew Mysteries
2710	The City (book)
1862	Ang Paboritong Libro ni Hudas
1861	Psycho (novel)
1860	Kama Sutra
2719	Edgar & Ellen
2718	How to Be Popular
2717	Pop-up book
1869	The Long Goodbye (novel)
2716	The Immortals of Meluha
1868	Divine Secrets of the Ya-Ya Sisterhood
2715	Batman: The Long Halloween
2714	Palestine (comics)
1867	The Witch of Blackbird Pond
1880	The Hound of the Baskervilles
2724	Summer I Turned Pretty Trilogy
1877	The Prince and the Pauper
1876	Grendel (novel)
2723	Stori Telling
2722	Maid Sama!
1875	Pretty Little Devils
1874	Sweet Little Lies
2721	Coyote Blue
2720	Olive Kitteridge
1873	D.N.Angel
1872	We Were Soldiers Once� And Young
1871	The Tin Drum
1870	The Queen of Attolia
2729	I Know This Much Is True
2728	The Guns of the South
2727	Mostly Harmless
1879	No More Dead Dogs
2726	Diva (Odier novel)
2725	A Discovery of Witches
1878	Calvin and Hobbes
1891	The Naughtiest Girl Again
1890	A Prisoner of Birth
1888	The Problem of Pain
2735	The Gun (novel)
1404	Shane (novel)
1403	The Prisoner of Zenda
1887	The Sparrow (novel)
2734	Our Town
1402	A Walk to Remember (novel)
2733	The Feast of All Saints (novel)
1886	Maniac Magee
2732	JPod
1885	Jumper (novel)
1401	The Greatest Salesman in the World
1400	From Here to Eternity (novel)
2731	Epistle to the Romans
1884	Son of the Mob
1883	Life (book)
2730	Born Blue
1882	The Souls of Black Folk
1881	Sadako and the Thousand Paper Cranes
1409	Forrest Gump (novel)
1408	Chacha Chaudhary
2739	Malgudi Days (book)
2738	Twilight Watch
1407	Orientalism (book)
2737	Kitchen (novel)
1406	Jude the Obscure
1889	Perelandra
1405	Pather Panchali (novel)
2736	Critique of Pure Reason
1899	The Last Book in the Universe
2746	Yaoi
1415	Glue (novel)
2745	Stiff (novel)
1898	Runemarks
1414	The Green Mile (novel)
2744	Alexander and the Terrible, Horrible, No Good, Very Bad Day
1897	Bud, Not Buddy
1413	In Her Shoes (novel)
1412	Fragile Eternity
1896	The Tale of Peter Rabbit
2743	Bel Canto (novel)
1411	Leviathan (Auster novel)
2742	Possession (Byatt novel)
1895	A Widow for One Year
2741	Shopaholic Ties the Knot
1410	There's a Boy in the Girls' Bathroom
1894	Mother Goose
2740	Shopaholic and Sister
1893	Last Sacrifice
1892	Horrible Histories (book series)
1419	Shit My Dad Says
2749	The Unseen (novel)
1418	Nightworld (novel)
2748	Millennium series
1417	Impossible (novel)
1416	Heaven and Hell (Swedenborg)
2747	Varjak Paw
2760	Rainbow Fish
1426	The Lost Hero
2757	Hex Hall
1425	On the Origin of Species
2756	Malory Towers
1424	Free to Choose
2755	Lust for Life (novel)
1423	The Shock Doctrine
2754	The Children of Men
1422	A Lesson Before Dying
2753	The Knife of Never Letting Go
1421	The Magicians' Guild
2752	Spells (novel)
1420	Warcraft: War of the Ancients Trilogy
2751	The Sandman (Vertigo)
2750	Closer (novel)
1429	The People of Sparks
1428	Graceling
2759	The Power and the Glory
1427	The Goose Girl (novel)
2758	No Logo
2771	Practical Demonkeeping
1440	The Devouring
2770	Just Listen (novel)
1437	Kiss (novel)
2768	Fat Kid Rules the World
2767	Parasite Eve
1436	Demons (novel)
2766	Hinds' Feet on High Places
1435	Fanny Hill
2765	The Horse Whisperer (novel)
1434	Robinson Crusoe
1433	Female Chauvinist Pigs
2764	The Fire Next Time
1432	The Bloody Chamber
2763	The State and Revolution
2762	Physics of the Impossible
1431	Rich Dad Poor Dad
1430	Sahih al-Bukhari
2761	Truesight
1439	Rules (novel)
2769	Bestiario
1438	Radiant Shadows
2782	Drums, Girls, and Dangerous Pie
1451	Day Watch (novel)
1450	The Devil in the White City
2781	Like (novel)
2780	The Left Hand of God (novel)
2779	A Coney Island of the Mind
1448	Stuart Little
2778	The Second Summer of the Sisterhood
1447	Odd Hours
2777	Masquerades
1446	Velocity (novel)
1445	The Taking
2776	Profiles in Courage
2775	Flow My Tears, the Policeman Said
1444	The Servants of Twilight
1443	The Story of Tracy Beaker
2774	Predictably Irrational
2773	The Stars Shine Down
1442	Angus, Thongs and Full-Frontal Snogging
2772	Go the Fuck to Sleep
1441	Charlotte's Web
1449	The Pilgrim's Progress
